Feature,Feature_Label,X_Value,Partial_Effect,CI_Lower,CI_Upper
E Fixed,$E_{\mathrm{fixed}}$,44100000000.0,-3701.323328691483,-5716.991602905243,-1685.6550544777226
E Fixed,$E_{\mathrm{fixed}}$,47927272727.27273,-3492.771447779256,-5415.634019170238,-1569.9088763882735
E Fixed,$E_{\mathrm{fixed}}$,51754545454.545456,-3299.664056840626,-5138.4368748504,-1460.8912388308513
E Fixed,$E_{\mathrm{fixed}}$,55581818181.818184,-3121.0531356693805,-4885.402028775402,-1356.704242563359
E Fixed,$E_{\mathrm{fixed}}$,59409090909.09091,-2955.990664059308,-4656.155885457169,-1255.825442661448
E Fixed,$E_{\mathrm{fixed}}$,63236363636.36363,-2803.5286218041956,-4449.948569259548,-1157.108674348843
E Fixed,$E_{\mathrm{fixed}}$,67063636363.63637,-2662.711480371811,-4265.720108426993,-1059.702852316629
E Fixed,$E_{\mathrm{fixed}}$,70890909090.90909,-2530.38905534272,-4100.149457998797,-960.6286526866431
E Fixed,$E_{\mathrm{fixed}}$,74718181818.18182,-2398.1789714057354,-3944.4583100334717,-851.8996327779992
E Fixed,$E_{\mathrm{fixed}}$,78545454545.45454,-2256.935784857061,-3788.152830567141,-725.7187391469815
E Fixed,$E_{\mathrm{fixed}}$,82372727272.72726,-2097.514051992899,-3619.73605689586,-575.2920470899383
E Fixed,$E_{\mathrm{fixed}}$,86200000000.0,-1910.7683291094513,-3426.9747242995813,-394.5619339193213
E Fixed,$E_{\mathrm{fixed}}$,90027272727.27274,-1687.8982422866095,-3197.735884764201,-178.0605998090184
E Fixed,$E_{\mathrm{fixed}}$,93854545454.54546,-1438.1604720719922,-2939.347642765947,63.026698621962396
E Fixed,$E_{\mathrm{fixed}}$,97681818181.81818,-1197.3756821760367,-2687.969796911465,293.21843255939143
E Fixed,$E_{\mathrm{fixed}}$,101509090909.09091,-1003.4908690966306,-2482.3291070240084,475.347368830747
E Fixed,$E_{\mathrm{fixed}}$,105336363636.36365,-894.4530293316617,-2361.061348485325,572.1552898220019
E Fixed,$E_{\mathrm{fixed}}$,109163636363.63637,-908.2091593790184,-2362.6642957811177,546.2459770230809
E Fixed,$E_{\mathrm{fixed}}$,112990909090.90909,-1080.5794855301917,-2523.7080472391535,362.54907617877006
E Fixed,$E_{\mathrm{fixed}}$,116818181818.18182,-1404.6154395283056,-2838.630778038799,29.399898982187324
E Fixed,$E_{\mathrm{fixed}}$,120645454545.45454,-1833.7591813850208,-3262.5314080463168,-404.98695472372515
E Fixed,$E_{\mathrm{fixed}}$,124472727272.72728,-2319.959172421091,-3748.474753135201,-891.4435917069809
E Fixed,$E_{\mathrm{fixed}}$,128300000000.0,-2815.163873957264,-4248.492801052631,-1381.8349468618974
E Fixed,$E_{\mathrm{fixed}}$,132127272727.27274,-3271.321747314295,-4713.579068258021,-1829.0644263705692
E Fixed,$E_{\mathrm{fixed}}$,135954545454.54546,-3642.556784625307,-5096.367782125266,-2188.745787125348
E Fixed,$E_{\mathrm{fixed}}$,139781818181.81818,-3904.996306731711,-5371.884755813533,-2438.1078576498885
E Fixed,$E_{\mathrm{fixed}}$,143609090909.0909,-4047.5438420466744,-5528.324343244352,-2566.7633408489964
E Fixed,$E_{\mathrm{fixed}}$,147436363636.36365,-4059.2602924506973,-5553.859778174761,-2564.6608067266334
E Fixed,$E_{\mathrm{fixed}}$,151263636363.63635,-3929.206559824275,-5436.226283919337,-2422.1868357292124
E Fixed,$E_{\mathrm{fixed}}$,155090909090.90912,-3646.443546047906,-5162.735849664137,-2130.1512424316743
E Fixed,$E_{\mathrm{fixed}}$,158918181818.18182,-3206.5315539867343,-4727.359733339107,-1685.7033746343616
E Fixed,$E_{\mathrm{fixed}}$,162745454545.45456,-2642.1362074457716,-4163.147887476669,-1121.1245274148746
E Fixed,$E_{\mathrm{fixed}}$,166572727272.7273,-1999.0702148291882,-3516.8751059895785,-481.2653236687979
E Fixed,$E_{\mathrm{fixed}}$,170400000000.0,-1323.1616905286915,-2834.9617952384206,188.63841418103743
E Fixed,$E_{\mathrm{fixed}}$,174227272727.27274,-660.23874893595,-2163.3940800972746,842.9165822253746
E Fixed,$E_{\mathrm{fixed}}$,178054545454.54547,-56.12843688588753,-1547.9039463187953,1435.6470725470201
E Fixed,$E_{\mathrm{fixed}}$,181881818181.81818,449.5639197198263,-1028.6606159233854,1927.788455363038
E Fixed,$E_{\mathrm{fixed}}$,185709090909.0909,838.1069327639434,-626.947857828957,2303.161723356844
E Fixed,$E_{\mathrm{fixed}}$,189536363636.36365,1095.1419267137194,-359.7731709244324,2550.0570243518714
E Fixed,$E_{\mathrm{fixed}}$,193363636363.63638,1206.3102260364137,-243.41262347937732,2656.0330755522045
E Fixed,$E_{\mathrm{fixed}}$,197190909090.9091,1157.2531551992852,-293.35870618093554,2607.865016579506
E Fixed,$E_{\mathrm{fixed}}$,201018181818.18182,933.7562800451523,-524.594308028116,2392.1068681184206
E Fixed,$E_{\mathrm{fixed}}$,204845454545.45456,541.9003787123607,-931.2634203231595,2015.0641777478809
E Fixed,$E_{\mathrm{fixed}}$,208672727272.7273,28.811915771920567,-1465.230545146232,1522.8543766900734
E Fixed,$E_{\mathrm{fixed}}$,212500000000.0,-553.4311082347629,-2073.2565447214665,966.3943282519408
E Fixed,$E_{\mathrm{fixed}}$,216327272727.27274,-1152.7506927663144,-2701.4977699330657,395.9963844004369
E Fixed,$E_{\mathrm{fixed}}$,220154545454.54547,-1717.0688372813293,-3295.1753466464006,-138.96232791625766
E Fixed,$E_{\mathrm{fixed}}$,223981818181.8182,-2195.0753855846556,-3799.3732362456362,-590.7775349236749
E Fixed,$E_{\mathrm{fixed}}$,227809090909.0909,-2563.3353937241477,-4187.794415622182,-938.8763718261139
E Fixed,$E_{\mathrm{fixed}}$,231636363636.36365,-2833.5220894154427,-4470.882936084907,-1196.1612427459786
E Fixed,$E_{\mathrm{fixed}}$,235463636363.63638,-3019.547313628511,-4661.424418566279,-1377.6702086907428
E Fixed,$E_{\mathrm{fixed}}$,239290909090.9091,-3135.3229073333227,-4772.131160491006,-1498.5146541756394
E Fixed,$E_{\mathrm{fixed}}$,243118181818.18182,-3194.7607114998505,-4815.617772014121,-1573.9036509855796
E Fixed,$E_{\mathrm{fixed}}$,246945454545.45456,-3211.3982335441247,-4804.116057796986,-1618.680409291264
E Fixed,$E_{\mathrm{fixed}}$,250772727272.7273,-3192.9023077557654,-4745.1579317516935,-1640.6466837598368
E Fixed,$E_{\mathrm{fixed}}$,254600000000.0,-3142.278567010752,-4642.735719103219,-1641.821414918285
E Fixed,$E_{\mathrm{fixed}}$,258427272727.27274,-3062.404247776061,-4500.9603201025875,-1623.848175449534
E Fixed,$E_{\mathrm{fixed}}$,262254545454.54547,-2956.156586518669,-4324.1311759623595,-1588.1819970749782
E Fixed,$E_{\mathrm{fixed}}$,266081818181.8182,-2826.412819705555,-4116.723221829092,-1536.1024175820182
E Fixed,$E_{\mathrm{fixed}}$,269909090909.0909,-2676.0191519029167,-3883.348126607463,-1468.69017719837
E Fixed,$E_{\mathrm{fixed}}$,273736363636.36365,-2507.5645491803552,-3628.459585487515,-1386.6695128731953
E Fixed,$E_{\mathrm{fixed}}$,277563636363.63635,-2323.5107849508736,-3356.600677297166,-1290.420892604581
E Fixed,$E_{\mathrm{fixed}}$,281390909090.9091,-2126.318728648575,-3072.669071034945,-1179.9683862622048
E Fixed,$E_{\mathrm{fixed}}$,285218181818.1818,-1918.449249707567,-2782.0211739428487,-1054.8773254722857
E Fixed,$E_{\mathrm{fixed}}$,289045454545.4546,-1702.363217561947,-2490.564227231326,-914.1622078925678
E Fixed,$E_{\mathrm{fixed}}$,292872727272.7273,-1480.2661944935328,-2204.430085716116,-756.1023032709493
E Fixed,$E_{\mathrm{fixed}}$,296700000000.0,-1253.1449877184787,-1928.6387167879466,-577.6512586490109
E Fixed,$E_{\mathrm{fixed}}$,300527272727.2727,-1021.623140272387,-1667.8066781156022,-375.43960242917194
E Fixed,$E_{\mathrm{fixed}}$,304354545454.5455,-786.3241328600043,-1425.5839745409603,-147.06429117904838
E Fixed,$E_{\mathrm{fixed}}$,308181818181.81824,-547.8714461860912,-1203.5003883328422,107.75749596065975
E Fixed,$E_{\mathrm{fixed}}$,312009090909.09094,-306.88842305662473,-1000.5788073444953,386.8019612312459
E Fixed,$E_{\mathrm{fixed}}$,315836363636.36365,-63.88072691049675,-813.9738865145555,686.212432693562
E Fixed,$E_{\mathrm{fixed}}$,319663636363.63635,180.97810801289168,-640.0426174674446,1001.998833493228
E Fixed,$E_{\mathrm{fixed}}$,323490909090.9091,427.5727235198292,-475.4674323203219,1330.6128793599803
E Fixed,$E_{\mathrm{fixed}}$,327318181818.1818,675.7877614165964,-317.62251955037175,1669.1980423835644
E Fixed,$E_{\mathrm{fixed}}$,331145454545.4546,925.5078635094844,-164.5655916859007,2015.5813187048695
E Fixed,$E_{\mathrm{fixed}}$,334972727272.7273,1176.6178132441553,-14.91025889955381,2368.1458853878644
E Fixed,$E_{\mathrm{fixed}}$,338800000000.0,1429.0138929178036,132.30365377611065,2725.7241320594967
E Fixed,$E_{\mathrm{fixed}}$,342627272727.27277,1682.6121882793511,277.72482294424617,3087.499553614456
E Fixed,$E_{\mathrm{fixed}}$,346454545454.5455,1937.3307431005169,421.7989681071815,3452.8625180938525
E Fixed,$E_{\mathrm{fixed}}$,350281818181.8182,2193.087601153027,564.8307382207306,3821.344464085324
E Fixed,$E_{\mathrm{fixed}}$,354109090909.09094,2449.80080620861,707.0251917464545,4192.576420670765
E Fixed,$E_{\mathrm{fixed}}$,357936363636.36365,2707.388982509728,848.5163430063762,4566.26162201308
E Fixed,$E_{\mathrm{fixed}}$,361763636363.63635,2965.786146977163,989.3810712224813,4942.191222731844
E Fixed,$E_{\mathrm{fixed}}$,365590909090.9091,3224.9429370416806,1129.6582901094025,5320.227583973959
E Fixed,$E_{\mathrm{fixed}}$,369418181818.1818,3484.810816624608,1269.3687855667372,5700.252847682479
E Fixed,$E_{\mathrm{fixed}}$,373245454545.4546,3745.341249647288,1408.5219204321197,6082.1605788624565
E Fixed,$E_{\mathrm{fixed}}$,377072727272.7273,4006.485700031043,1547.120017883742,6465.851382178344
E Fixed,$E_{\mathrm{fixed}}$,380900000000.0,4268.195697405193,1685.1614475319784,6851.229947278407
E Fixed,$E_{\mathrm{fixed}}$,384727272727.27277,4530.423592279881,1822.642769604281,7238.20441495548
E Fixed,$E_{\mathrm{fixed}}$,388554545454.5455,4793.122293164729,1959.5604632553136,7626.684123074145
E Fixed,$E_{\mathrm{fixed}}$,392381818181.8182,5056.244719232736,2095.912056796116,8016.577381669356
E Fixed,$E_{\mathrm{fixed}}$,396209090909.09094,5319.743789656899,2231.6967790871145,8407.790800226683
E Fixed,$E_{\mathrm{fixed}}$,400036363636.36365,5583.572423610205,2366.9159526807007,8800.228894539709
E Fixed,$E_{\mathrm{fixed}}$,403863636363.6364,5847.684270672283,2501.573880299665,9193.7946610449
E Fixed,$E_{\mathrm{fixed}}$,407690909090.9091,6112.037988659162,2635.6814810804995,9588.394496237825
E Fixed,$E_{\mathrm{fixed}}$,411518181818.1818,6376.594336104497,2769.2525837434623,9983.936088465533
E Fixed,$E_{\mathrm{fixed}}$,415345454545.4546,6641.314078728883,2902.30183517508,10380.326322282686
E Fixed,$E_{\mathrm{fixed}}$,419172727272.7273,6906.157982252907,3034.844731656067,10777.471232849746
E Fixed,$E_{\mathrm{fixed}}$,423000000000.0,7171.086812397165,3166.8975979429147,11175.276026851416
rho Fixed,$\rho_{\mathrm{fixed}}$,1771.5,-362.970862859799,-2127.5671265017754,1401.6254007821776
rho Fixed,$\rho_{\mathrm{fixed}}$,1948.4848484848485,-417.6534636732573,-2067.4087981345538,1232.101870788039
rho Fixed,$\rho_{\mathrm{fixed}}$,2125.469696969697,-446.3835061106379,-1999.714380920379,1106.9473686991032
rho Fixed,$\rho_{\mathrm{fixed}}$,2302.4545454545455,-451.2808541642566,-1928.1421462870187,1025.5804379585054
rho Fixed,$\rho_{\mathrm{fixed}}$,2479.439393939394,-434.46537182642874,-1854.6605202801454,985.729776627288
rho Fixed,$\rho_{\mathrm{fixed}}$,2656.4242424242425,-398.05692308947016,-1779.3864187601512,983.2725725812107
rho Fixed,$\rho_{\mathrm{fixed}}$,2833.409090909091,-344.1794045371516,-1700.8362546825479,1012.4774456082446
rho Fixed,$\rho_{\mathrm{fixed}}$,3010.3939393939395,-276.1354243000977,-1618.0219083639222,1065.7510597637265
rho Fixed,$\rho_{\mathrm{fixed}}$,3187.378787878788,-200.03770933230598,-1533.5503451874513,1133.4749265228395
rho Fixed,$\rho_{\mathrm{fixed}}$,3364.3636363636365,-122.40881736382119,-1451.3026121082821,1206.4849773806395
rho Fixed,$\rho_{\mathrm{fixed}}$,3541.348484848485,-49.77130612468812,-1375.9136474094248,1276.3710351600485
rho Fixed,$\rho_{\mathrm{fixed}}$,3718.3333333333335,11.352266655048227,-1312.6972424529158,1335.4017757630122
rho Fixed,$\rho_{\mathrm{fixed}}$,3895.318181818182,54.532192059638696,-1267.4992371467824,1376.5636212660597
rho Fixed,$\rho_{\mathrm{fixed}}$,4072.3030303030305,78.19741926584929,-1241.8635887448183,1398.2584272765168
rho Fixed,$\rho_{\mathrm{fixed}}$,4249.287878787879,87.92453672872102,-1230.4349759224021,1406.2840493798442
rho Fixed,$\rho_{\mathrm{fixed}}$,4426.272727272728,89.86227073582953,-1227.1437601584028,1406.8683016300618
rho Fixed,$\rho_{\mathrm{fixed}}$,4603.257575757576,90.15934757475038,-1225.565939575099,1405.8846347246
rho Fixed,$\rho_{\mathrm{fixed}}$,4780.242424242424,94.96449353305916,-1218.9219447071528,1408.850931773271
rho Fixed,$\rho_{\mathrm{fixed}}$,4957.227272727273,110.27872441058592,-1200.474302608352,1421.0317514295239
rho Fixed,$\rho_{\mathrm{fixed}}$,5134.212121212122,139.1326365965299,-1167.487428722914,1445.7527019159738
rho Fixed,$\rho_{\mathrm{fixed}}$,5311.19696969697,181.80584528376414,-1121.065125991714,1484.676816559242
rho Fixed,$\rho_{\mathrm{fixed}}$,5488.181818181818,238.47422386855612,-1062.5053997253117,1539.4538474624237
rho Fixed,$\rho_{\mathrm{fixed}}$,5665.166666666667,309.31364574717406,-992.8865044697146,1611.5137959640629
rho Fixed,$\rho_{\mathrm{fixed}}$,5842.151515151516,394.4999843158848,-912.8716345343853,1701.871603166155
rho Fixed,$\rho_{\mathrm{fixed}}$,6019.136363636364,493.93750566684156,-822.8802776647435,1810.7552889984267
rho Fixed,$\rho_{\mathrm{fixed}}$,6196.121212121212,604.7834383609531,-725.4711160176421,1935.0379927395484
rho Fixed,$\rho_{\mathrm{fixed}}$,6373.106060606061,722.5999467680704,-624.2550971981873,2069.454990734328
rho Fixed,$\rho_{\mathrm{fixed}}$,6550.09090909091,842.9295477389401,-522.5897768912109,2208.448872369091
rho Fixed,$\rho_{\mathrm{fixed}}$,6727.075757575758,961.3147581243077,-423.9314466493729,2346.5609628979882
rho Fixed,$\rho_{\mathrm{fixed}}$,6904.060606060606,1073.298094774919,-332.30964710444573,2478.905836654284
rho Fixed,$\rho_{\mathrm{fixed}}$,7081.045454545455,1173.9800533403659,-252.9622183311244,2600.922325011856
rho Fixed,$\rho_{\mathrm{fixed}}$,7258.030303030304,1255.937614061685,-192.62769041565048,2704.5029185390204
rho Fixed,$\rho_{\mathrm{fixed}}$,7435.015151515152,1310.8536301457532,-157.79708083208106,2779.5043411235874
rho Fixed,$\rho_{\mathrm{fixed}}$,7612.0,1330.4099070454895,-153.69288571291327,2814.5126998038922
rho Fixed,$\rho_{\mathrm{fixed}}$,7788.984848484849,1306.288250213814,-184.05275262632108,2796.6292530539495
rho Fixed,$\rho_{\mathrm{fixed}}$,7965.969696969698,1230.1712583064375,-251.28580946141983,2711.628326074295
rho Fixed,$\rho_{\mathrm{fixed}}$,8142.954545454546,1098.3643158545703,-354.02632773153414,2550.7549594406746
rho Fixed,$\rho_{\mathrm{fixed}}$,8319.939393939394,922.6823015938845,-481.2329609340153,2326.597564121784
rho Fixed,$\rho_{\mathrm{fixed}}$,8496.924242424244,718.1890528986987,-620.2535169203368,2056.631622717734
rho Fixed,$\rho_{\mathrm{fixed}}$,8673.909090909092,499.9484071433375,-758.6988683297153,1758.5956826163901
rho Fixed,$\rho_{\mathrm{fixed}}$,8850.89393939394,283.0242017021168,-884.3391387661585,1450.387542170392
rho Fixed,$\rho_{\mathrm{fixed}}$,9027.878787878788,82.44091454390906,-985.1272212202293,1150.0090503080473
rho Fixed,$\rho_{\mathrm{fixed}}$,9204.863636363636,-92.3149677074412,-1054.8713041267015,870.2413687118191
rho Fixed,$\rho_{\mathrm{fixed}}$,9381.848484848486,-242.95716924159103,-1099.370695152645,613.4563566694632
rho Fixed,$\rho_{\mathrm{fixed}}$,9558.833333333334,-372.55054883841956,-1126.8460737525536,381.7449760757145
rho Fixed,$\rho_{\mathrm{fixed}}$,9735.818181818182,-484.1599652778141,-1146.7721718208531,178.45224126522498
rho Fixed,$\rho_{\mathrm{fixed}}$,9912.803030303032,-580.8502773396601,-1169.7467143111808,8.046159631860633
rho Fixed,$\rho_{\mathrm{fixed}}$,10089.78787878788,-665.6604137619952,-1206.185193762362,-125.13563376162847
rho Fixed,$\rho_{\mathrm{fixed}}$,10266.772727272728,-740.6879596063774,-1262.0521652852724,-219.32375392748236
rho Fixed,$\rho_{\mathrm{fixed}}$,10443.757575757576,-806.8448997995812,-1336.9060795580067,-276.7837200411557
rho Fixed,$\rho_{\mathrm{fixed}}$,10620.742424242424,-864.9676214787494,-1426.314837149536,-303.6204058079627
rho Fixed,$\rho_{\mathrm{fixed}}$,10797.727272727274,-915.8925117810255,-1524.2824520684676,-307.50257149358333
rho Fixed,$\rho_{\mathrm{fixed}}$,10974.712121212122,-960.4559578435524,-1625.4982625900143,-295.41365309709033
rho Fixed,$\rho_{\mathrm{fixed}}$,11151.69696969697,-999.4700045536181,-1726.1877896477313,-272.7522194595048
rho Fixed,$\rho_{\mathrm{fixed}}$,11328.68181818182,-1033.3649372940406,-1823.6965662255839,-243.03330836249734
rho Fixed,$\rho_{\mathrm{fixed}}$,11505.666666666668,-1062.267931752445,-1916.1495259279604,-208.38633757692958
rho Fixed,$\rho_{\mathrm{fixed}}$,11682.651515151516,-1086.297814224758,-2002.3606744003812,-170.23495404913479
rho Fixed,$\rho_{\mathrm{fixed}}$,11859.636363636364,-1105.5734110069038,-2081.601765773157,-129.54505624065075
rho Fixed,$\rho_{\mathrm{fixed}}$,12036.621212121212,-1120.2135483948093,-2153.4453867256366,-86.98171006398206
rho Fixed,$\rho_{\mathrm{fixed}}$,12213.606060606062,-1130.3369012711655,-2217.664198314612,-43.00960422771914
rho Fixed,$\rho_{\mathrm{fixed}}$,12390.59090909091,-1136.0608893808258,-2274.1653935557047,2.0436147940531555
rho Fixed,$\rho_{\mathrm{fixed}}$,12567.575757575758,-1137.50231186046,-2322.9495358421086,47.944912121188736
rho Fixed,$\rho_{\mathrm{fixed}}$,12744.560606060608,-1134.777963435976,-2364.0837198759205,94.52779300396833
rho Fixed,$\rho_{\mathrm{fixed}}$,12921.545454545456,-1128.0046388332805,-2397.6832374464207,141.67395977985962
rho Fixed,$\rho_{\mathrm{fixed}}$,13098.530303030304,-1117.299132778281,-2423.899102422229,189.30083686566695
rho Fixed,$\rho_{\mathrm{fixed}}$,13275.515151515152,-1102.7782399769985,-2442.9094276913484,237.3529477373511
rho Fixed,$\rho_{\mathrm{fixed}}$,13452.5,-1084.5587550405264,-2454.913378127347,285.79586804629434
rho Fixed,$\rho_{\mathrm{fixed}}$,13629.48484848485,-1062.757472551662,-2460.1268771140076,334.61193201068363
rho Fixed,$\rho_{\mathrm{fixed}}$,13806.469696969698,-1037.4911870932,-2458.779526105406,383.7971519190057
rho Fixed,$\rho_{\mathrm{fixed}}$,13983.454545454546,-1008.876693247934,-2451.112376294426,433.3589897985581
rho Fixed,$\rho_{\mathrm{fixed}}$,14160.439393939396,-977.0307855986229,-2437.376306747777,483.3147355505315
rho Fixed,$\rho_{\mathrm{fixed}}$,14337.424242424244,-942.0702586989433,-2417.830838378783,533.6903209808962
rho Fixed,$\rho_{\mathrm{fixed}}$,14514.409090909092,-904.1119070204887,-2392.7432627851845,584.5194487442069
rho Fixed,$\rho_{\mathrm{fixed}}$,14691.39393939394,-863.2725250204742,-2362.3879982980125,635.8429482570643
rho Fixed,$\rho_{\mathrm{fixed}}$,14868.378787878788,-819.6689071561168,-2327.046106803062,687.7082924908282
rho Fixed,$\rho_{\mathrm{fixed}}$,15045.363636363638,-773.4178478846312,-2287.004920056212,740.1692242869498
rho Fixed,$\rho_{\mathrm{fixed}}$,15222.348484848486,-724.636141662833,-2242.5577337405066,793.2854504148405
rho Fixed,$\rho_{\mathrm{fixed}}$,15399.333333333334,-673.4405829149345,-2194.0035334802915,847.1223676504227
rho Fixed,$\rho_{\mathrm{fixed}}$,15576.318181818184,-619.9479660090028,-2141.646720919989,901.7507889019837
rho Fixed,$\rho_{\mathrm{fixed}}$,15753.303030303032,-564.2750853075544,-2085.7968100765993,957.2466394614904
rho Fixed,$\rho_{\mathrm{fixed}}$,15930.28787878788,-506.53873517310603,-2026.7680645996008,1013.6905942533888
rho Fixed,$\rho_{\mathrm{fixed}}$,16107.272727272728,-446.8557099681732,-1964.879047522233,1071.1676275858865
rho Fixed,$\rho_{\mathrm{fixed}}$,16284.257575757576,-385.3428040543447,-1900.4520554262363,1129.7664473175469
rho Fixed,$\rho_{\mathrm{fixed}}$,16461.242424242424,-322.1168117686228,-1833.8124097488294,1189.5787862115835
rho Fixed,$\rho_{\mathrm{fixed}}$,16638.227272727272,-257.2945274214622,-1765.2875801725515,1250.6985253296273
rho Fixed,$\rho_{\mathrm{fixed}}$,16815.21212121212,-190.99274532199667,-1695.206118272245,1313.2206276282518
rho Fixed,$\rho_{\mathrm{fixed}}$,16992.19696969697,-123.3282597793604,-1623.8963847440668,1377.239865185346
rho Fixed,$\rho_{\mathrm{fixed}}$,17169.18181818182,-54.41786510269014,-1551.685061694648,1442.849331489268
rho Fixed,$\rho_{\mathrm{fixed}}$,17346.166666666668,15.621991879726098,-1478.8955358684345,1510.1395196278866
rho Fixed,$\rho_{\mathrm{fixed}}$,17523.151515151516,86.67920537002036,-1405.8468869338792,1579.2052976739199
rho Fixed,$\rho_{\mathrm{fixed}}$,17700.136363636364,158.64462041629847,-1332.8511453449876,1650.1403861775846
rho Fixed,$\rho_{\mathrm{fixed}}$,17877.121212121216,231.409138457249,-1260.2100889675407,1723.0283658820385
rho Fixed,$\rho_{\mathrm{fixed}}$,18054.106060606064,304.8636609315534,-1188.212710256729,1797.9400321198357
rho Fixed,$\rho_{\mathrm{fixed}}$,18231.09090909091,378.8990892779003,-1117.1327167489103,1874.9308953047112
rho Fixed,$\rho_{\mathrm{fixed}}$,18408.07575757576,453.41032816248014,-1047.223760516938,1954.044416841898
rho Fixed,$\rho_{\mathrm{fixed}}$,18585.060606060608,528.3197314954665,-978.703155213712,2035.342618204645
rho Fixed,$\rho_{\mathrm{fixed}}$,18762.045454545456,603.5611668428144,-911.7590672951922,2118.881400980821
rho Fixed,$\rho_{\mathrm{fixed}}$,18939.030303030304,679.0685411608373,-846.5554307097403,2204.692513031415
rho Fixed,$\rho_{\mathrm{fixed}}$,19116.015151515152,754.7757614058463,-783.230629268984,2292.7821520806765
rho Fixed,$\rho_{\mathrm{fixed}}$,19293.0,830.6167345341553,-721.8968047992444,2383.130273867555
nu Fixed,$\nu_{\mathrm{fixed}}$,0.2,-6435.555052084965,-8732.615238025246,-4138.494866144683
nu Fixed,$\nu_{\mathrm{fixed}}$,0.20181818181818184,-6342.248805584541,-8587.848276930206,-4096.649334238876
nu Fixed,$\nu_{\mathrm{fixed}}$,0.20363636363636364,-6248.857617287404,-8444.195301098523,-4053.5199334762833
nu Fixed,$\nu_{\mathrm{fixed}}$,0.20545454545454547,-6155.342249229716,-8301.639503230399,-4009.0449952290323
nu Fixed,$\nu_{\mathrm{fixed}}$,0.20727272727272728,-6061.663463447648,-8160.153362024636,-3963.173564870659
nu Fixed,$\nu_{\mathrm{fixed}}$,0.2090909090909091,-5967.782021977362,-8019.69769916486,-3915.8663447898643
nu Fixed,$\nu_{\mathrm{fixed}}$,0.21090909090909093,-5873.658679666753,-7880.220802785652,-3867.096556547854
nu Fixed,$\nu_{\mathrm{fixed}}$,0.21272727272727274,-5779.252090258256,-7741.652408855057,-3816.851771661456
nu Fixed,$\nu_{\mathrm{fixed}}$,0.21454545454545457,-5684.515898333217,-7603.894419078078,-3765.137377588356
nu Fixed,$\nu_{\mathrm{fixed}}$,0.21636363636363637,-5589.403017931499,-7466.829508123616,-3711.9765277393817
nu Fixed,$\nu_{\mathrm{fixed}}$,0.2181818181818182,-5493.8663630929605,-7330.322521473772,-3657.410204712149
nu Fixed,$\nu_{\mathrm{fixed}}$,0.22,-5397.858847857469,-7194.220445044422,-3601.497250670516
nu Fixed,$\nu_{\mathrm{fixed}}$,0.22181818181818183,-5301.333386259967,-7058.352652053206,-3544.314120466727
nu Fixed,$\nu_{\mathrm{fixed}}$,0.22363636363636363,-5204.242892077987,-6922.531432326566,-3485.9543518294076
nu Fixed,$\nu_{\mathrm{fixed}}$,0.22545454545454546,-5106.540278710373,-6786.552802196107,-3426.527755224639
nu Fixed,$\nu_{\mathrm{fixed}}$,0.2272727272727273,-5008.178459525665,-6650.1975859761205,-3366.15933307521
nu Fixed,$\nu_{\mathrm{fixed}}$,0.2290909090909091,-4909.110347892397,-6513.23275303018,-3304.987942754614
nu Fixed,$\nu_{\mathrm{fixed}}$,0.23090909090909092,-4809.288857179103,-6375.412992883421,-3243.164721474784
nu Fixed,$\nu_{\mathrm{fixed}}$,0.23272727272727273,-4708.666900739496,-6236.482510857949,-3180.8512906210426
nu Fixed,$\nu_{\mathrm{fixed}}$,0.23454545454545456,-4607.197391629187,-6096.1770310080565,-3118.217752250318
nu Fixed,$\nu_{\mathrm{fixed}}$,0.2363636363636364,-4504.8332426277075,-5954.226004195095,-3055.44048106032
nu Fixed,$\nu_{\mathrm{fixed}}$,0.2381818181818182,-4401.527366504184,-5810.355034935565,-2992.699698072803
nu Fixed,$\nu_{\mathrm{fixed}}$,0.24000000000000002,-4297.232676027733,-5664.288565426917,-2930.176786628549
nu Fixed,$\nu_{\mathrm{fixed}}$,0.24181818181818182,-4191.9020839674795,-5515.752893496355,-2868.051274438604
nu Fixed,$\nu_{\mathrm{fixed}}$,0.24363636363636365,-4085.4885030618243,-5364.479655692429,-2806.4973504312193
nu Fixed,$\nu_{\mathrm{fixed}}$,0.24545454545454548,-3977.944845738511,-5210.209988024626,-2745.679703452396
nu Fixed,$\nu_{\mathrm{fixed}}$,0.24727272727272728,-3869.224024244888,-5052.699702055738,-2685.7483464340376
nu Fixed,$\nu_{\mathrm{fixed}}$,0.24909090909090909,-3759.278950826088,-4891.72600643563,-2626.8318952165464
nu Fixed,$\nu_{\mathrm{fixed}}$,0.2509090909090909,-3648.0625377272345,-4727.096615100056,-2569.028460354413
nu Fixed,$\nu_{\mathrm{fixed}}$,0.25272727272727274,-3535.527697193461,-4558.662596402946,-2512.3927979839755
nu Fixed,$\nu_{\mathrm{fixed}}$,0.2545454545454546,-3421.627341419073,-4386.337183173808,-2456.917499664339
nu Fixed,$\nu_{\mathrm{fixed}}$,0.25636363636363635,-3306.314382308235,-4210.124259704763,-2402.504504911707
nu Fixed,$\nu_{\mathrm{fixed}}$,0.2581818181818182,-3189.5417316622966,-4030.1628723114736,-2348.9205910131195
nu Fixed,$\nu_{\mathrm{fixed}}$,0.26,-3071.2623012824965,-3846.798763796616,-2295.725838768377
nu Fixed,$\nu_{\mathrm{fixed}}$,0.26181818181818184,-2951.429002970071,-3660.7020481093023,-2242.1559578308397
nu Fixed,$\nu_{\mathrm{fixed}}$,0.26363636363636367,-2829.9947246265033,-3473.0632920777475,-2186.926157175259
nu Fixed,$\nu_{\mathrm{fixed}}$,0.2654545454545455,-2706.7730663884045,-3285.7993557740533,-2127.7467770027556
nu Fixed,$\nu_{\mathrm{fixed}}$,0.2672727272727273,-2581.110316507272,-3101.746932503834,-2060.4737005107095
nu Fixed,$\nu_{\mathrm{fixed}}$,0.2690909090909091,-2452.2548698432197,-2925.496087283593,-1979.0136524028462
nu Fixed,$\nu_{\mathrm{fixed}}$,0.27090909090909093,-2319.455121256376,-2763.565389095742,-1875.3448534170104
nu Fixed,$\nu_{\mathrm{fixed}}$,0.2727272727272727,-2181.9594656068653,-2622.8719258148426,-1741.047005398888
nu Fixed,$\nu_{\mathrm{fixed}}$,0.27454545454545454,-2038.9772624433438,-2507.1759101690236,-1570.778614717664
nu Fixed,$\nu_{\mathrm{fixed}}$,0.27636363636363637,-1884.225481006829,-2408.4551070368843,-1359.9958549767737
nu Fixed,$\nu_{\mathrm{fixed}}$,0.2781818181818182,-1700.313104721247,-2300.990466819424,-1099.6357426230702
nu Fixed,$\nu_{\mathrm{fixed}}$,0.28,-1468.5091079593383,-2155.7527311153412,-781.2654848033353
nu Fixed,$\nu_{\mathrm{fixed}}$,0.28181818181818186,-1170.0824650938441,-1944.8744179002756,-395.29051228741275
nu Fixed,$\nu_{\mathrm{fixed}}$,0.28363636363636363,-786.3021504975179,-1642.245103930627,69.6408029355913
nu Fixed,$\nu_{\mathrm{fixed}}$,0.28545454545454546,-299.0031355269632,-1223.9416965513383,625.935425497412
nu Fixed,$\nu_{\mathrm{fixed}}$,0.2872727272727273,289.4321027955745,-690.185307504906,1269.0495130960549
nu Fixed,$\nu_{\mathrm{fixed}}$,0.2890909090909091,950.74198920229,-70.62547526399442,1972.1094536685746
nu Fixed,$\nu_{\mathrm{fixed}}$,0.2909090909090909,1655.0148114461108,603.2172643550282,2706.812358537193
nu Fixed,$\nu_{\mathrm{fixed}}$,0.2927272727272727,2372.338857280021,1300.0508215769232,3444.6268929831185
nu Fixed,$\nu_{\mathrm{fixed}}$,0.29454545454545455,3072.8024144569486,1988.9007603696832,4156.704068544213
nu Fixed,$\nu_{\mathrm{fixed}}$,0.2963636363636364,3726.727501811987,2639.2159605336938,4814.239043090281
nu Fixed,$\nu_{\mathrm{fixed}}$,0.2981818181818182,4308.101742741581,3222.906217140785,5393.297268342377
nu Fixed,$\nu_{\mathrm{fixed}}$,0.30000000000000004,4793.823180077093,3714.0218198014036,5873.624540352782
nu Fixed,$\nu_{\mathrm{fixed}}$,0.3018181818181818,5160.8700264110485,4087.1658604218037,6234.574192400293
nu Fixed,$\nu_{\mathrm{fixed}}$,0.30363636363636365,5386.220494336018,4317.410159925603,6455.030828746434
nu Fixed,$\nu_{\mathrm{fixed}}$,0.3054545454545455,5446.852796444526,4380.035295114469,6513.670297774583
nu Fixed,$\nu_{\mathrm{fixed}}$,0.30727272727272725,5325.775037454367,4256.259288991497,6395.2907859172365
nu Fixed,$\nu_{\mathrm{fixed}}$,0.3090909090909091,5055.980026400595,3978.380091389402,6133.579961411789
nu Fixed,$\nu_{\mathrm{fixed}}$,0.3109090909090909,4695.175719604508,3604.5364949819495,5785.814944227067
nu Fixed,$\nu_{\mathrm{fixed}}$,0.31272727272727274,4301.2457279600185,3194.178719752759,5408.312736167278
nu Fixed,$\nu_{\mathrm{fixed}}$,0.3145454545454546,3932.073662361028,2808.0549756312794,5056.092349090776
nu Fixed,$\nu_{\mathrm{fixed}}$,0.3163636363636364,3645.543133701447,2507.8278711515386,4783.258396251355
nu Fixed,$\nu_{\mathrm{fixed}}$,0.3181818181818182,3489.3330246611517,2344.5263119573856,4634.139737364918
nu Fixed,$\nu_{\mathrm{fixed}}$,0.32,3462.4080941971183,2317.04595334801,4607.770235046227
nu Fixed,$\nu_{\mathrm{fixed}}$,0.32181818181818184,3549.213287782114,2408.110544962252,4690.316030601976
nu Fixed,$\nu_{\mathrm{fixed}}$,0.32363636363636367,3734.191059500178,2600.1134378886327,4868.268681111724
nu Fixed,$\nu_{\mathrm{fixed}}$,0.32545454545454544,4001.783863435341,2875.569636764145,5127.998090106537
nu Fixed,$\nu_{\mathrm{fixed}}$,0.32727272727272727,4336.431823475457,3217.4312093546596,5455.432437596255
nu Fixed,$\nu_{\mathrm{fixed}}$,0.3290909090909091,4720.586532329138,3607.190189620039,5833.982875038238
nu Fixed,$\nu_{\mathrm{fixed}}$,0.33090909090909093,5131.087305165637,4021.051499262813,6241.123111068461
nu Fixed,$\nu_{\mathrm{fixed}}$,0.33272727272727276,5543.790405633788,4434.679087343839,6652.901723923738
nu Fixed,$\nu_{\mathrm{fixed}}$,0.3345454545454546,5934.55209738243,4824.195215234956,7044.908979529903
nu Fixed,$\nu_{\mathrm{fixed}}$,0.33636363636363636,6279.228644060383,5166.064561066954,7392.3927270538115
nu Fixed,$\nu_{\mathrm{fixed}}$,0.3381818181818182,6553.802688959247,5437.005982033374,7670.5993958851195
nu Fixed,$\nu_{\mathrm{fixed}}$,0.34,6744.516880286359,5623.694701972046,7865.339058600673
nu Fixed,$\nu_{\mathrm{fixed}}$,0.3418181818181818,6855.283762377684,5729.859505240842,7980.708019514526
nu Fixed,$\nu_{\mathrm{fixed}}$,0.34363636363636363,6891.762951750361,5760.712790070096,8022.813113430626
nu Fixed,$\nu_{\mathrm{fixed}}$,0.34545454545454546,6859.614064921519,5721.453649898424,7997.774479944613
nu Fixed,$\nu_{\mathrm{fixed}}$,0.3472727272727273,6764.496718408285,5617.433114993559,7911.560321823012
nu Fixed,$\nu_{\mathrm{fixed}}$,0.3490909090909091,6612.137226459251,5454.320031339712,7769.95442157879
nu Fixed,$\nu_{\mathrm{fixed}}$,0.35090909090909095,6410.030565627691,5239.892790616652,7580.168340638731
nu Fixed,$\nu_{\mathrm{fixed}}$,0.3527272727272728,6167.5814561058805,4984.253411130295,7350.909501081466
nu Fixed,$\nu_{\mathrm{fixed}}$,0.35454545454545455,5894.289584192031,4697.972529278293,7090.606639105768
nu Fixed,$\nu_{\mathrm{fixed}}$,0.3563636363636364,5599.654636184318,4391.912017830421,6807.397254538216
nu Fixed,$\nu_{\mathrm{fixed}}$,0.35818181818181816,5293.176298380962,4077.0975189724904,6509.255077789434
nu Fixed,$\nu_{\mathrm{fixed}}$,0.36,4983.999863024889,3764.1353562697323,6203.864369780046
nu Fixed,$\nu_{\mathrm{fixed}}$,0.3618181818181818,4676.84322615266,3458.1918223122384,5895.494629993081
nu Fixed,$\nu_{\mathrm{fixed}}$,0.36363636363636365,4373.414730076924,3160.482388541159,5586.3470716126885
nu Fixed,$\nu_{\mathrm{fixed}}$,0.3654545454545455,4075.36520462654,2871.7612067548826,5278.969202498198
nu Fixed,$\nu_{\mathrm{fixed}}$,0.3672727272727273,3784.345479630359,2592.429500734982,4976.261458525736
nu Fixed,$\nu_{\mathrm{fixed}}$,0.36909090909090914,3502.0063849172425,2322.5670449285367,4681.445724905949
nu Fixed,$\nu_{\mathrm{fixed}}$,0.3709090909090909,3229.703634642674,2061.640155962764,4397.767113322584
nu Fixed,$\nu_{\mathrm{fixed}}$,0.37272727272727274,2966.7694001798436,1806.6880724135997,4126.850727946087
nu Fixed,$\nu_{\mathrm{fixed}}$,0.37454545454545457,2711.6870726926777,1553.8783011679197,3869.4958442174357
nu Fixed,$\nu_{\mathrm{fixed}}$,0.37636363636363634,2462.9371395101252,1299.6886829145856,3626.185596105665
nu Fixed,$\nu_{\mathrm{fixed}}$,0.3781818181818182,2219.000087961109,1041.1325240606282,3396.8676518615894
nu Fixed,$\nu_{\mathrm{fixed}}$,0.38,1978.3564053745788,775.9289425128868,3180.783868236271
E Free,$E_{\mathrm{free}}$,44100000000.0,43.38248264846032,-1964.2887636912162,2051.0537289881368
E Free,$E_{\mathrm{free}}$,47927272727.27273,34.97672715670733,-1878.2461352745208,1948.1995895879354
E Free,$E_{\mathrm{free}}$,51754545454.545456,25.62151159318321,-1801.7998277499441,1853.0428509363105
E Free,$E_{\mathrm{free}}$,55581818181.818184,15.108436159485766,-1736.1712325155497,1766.3881048345213
E Free,$E_{\mathrm{free}}$,59409090909.09091,3.2291010572127927,-1682.210632337046,1688.6688344514716
E Free,$E_{\mathrm{free}}$,63236363636.36363,-10.22489351203787,-1640.3906905813417,1619.940903557266
E Free,$E_{\mathrm{free}}$,67063636363.63637,-25.460460436407704,-1610.87191094792,1559.9509900751048
E Free,$E_{\mathrm{free}}$,70890909090.90909,-42.24989424188752,-1593.326937872655,1508.8271493888801
E Free,$E_{\mathrm{free}}$,74718181818.18182,-59.329333285707264,-1586.1922871472616,1467.5336205758472
E Free,$E_{\mathrm{free}}$,78545454545.45454,-75.28380178600129,-1586.7378424321853,1436.1702388601827
E Free,$E_{\mathrm{free}}$,82372727272.72726,-88.69832396090412,-1591.1592036089814,1413.762555687173
E Free,$E_{\mathrm{free}}$,86200000000.0,-98.15792402855021,-1594.862852249333,1398.5470041922324
E Free,$E_{\mathrm{free}}$,90027272727.27274,-102.26769721312996,-1593.0051474124898,1388.4697529862297
E Free,$E_{\mathrm{free}}$,93854545454.54546,-100.68302846777146,-1583.207603001507,1381.8415460659642
E Free,$E_{\mathrm{free}}$,97681818181.81818,-94.6043985266147,-1566.960628549482,1377.7518314962526
E Free,$E_{\mathrm{free}}$,101509090909.09091,-85.35596640648704,-1546.375865130044,1375.6639323170698
E Free,$E_{\mathrm{free}}$,105336363636.36365,-74.2618911242158,-1523.5124601344642,1374.9886778860327
E Free,$E_{\mathrm{free}}$,109163636363.63637,-62.64633169662844,-1500.3121158488234,1375.0194524555664
E Free,$E_{\mathrm{free}}$,112990909090.90909,-51.77697693087439,-1478.858061661785,1375.3041078000365
E Free,$E_{\mathrm{free}}$,116818181818.18182,-41.78591443536741,-1460.6483358823343,1377.0765070115995
E Free,$E_{\mathrm{free}}$,120645454545.45454,-31.753522577373126,-1446.3101860099107,1382.8031408551644
E Free,$E_{\mathrm{free}}$,124472727272.72728,-20.72051889102248,-1435.8757009546416,1394.4346631725966
E Free,$E_{\mathrm{free}}$,128300000000.0,-7.72762091044652,-1428.3499775232167,1412.8947357023235
E Free,$E_{\mathrm{free}}$,132127272727.27274,8.184453830223877,-1421.7235577724668,1438.0924654329147
E Free,$E_{\mathrm{free}}$,135954545454.54546,27.829048064876215,-1413.643397524373,1469.3014936541254
E Free,$E_{\mathrm{free}}$,139781818181.81818,50.54346940249216,-1403.7406227004253,1504.8275615054094
E Free,$E_{\mathrm{free}}$,143609090909.0909,74.80796735011711,-1392.9318601831583,1542.5477948833927
E Free,$E_{\mathrm{free}}$,147436363636.36365,99.09223443186889,-1381.9264712840718,1580.1109401478097
E Free,$E_{\mathrm{free}}$,151263636363.63635,121.86596317186556,-1370.952472529223,1614.6843988729543
E Free,$E_{\mathrm{free}}$,155090909090.90912,141.59884609422573,-1359.7774708320958,1642.9751630205474
E Free,$E_{\mathrm{free}}$,158918181818.18182,156.9199911568733,-1348.1478838084902,1661.9878661222367
E Free,$E_{\mathrm{free}}$,162745454545.45456,167.36861493360763,-1336.8780264783436,1671.615256345559
E Free,$E_{\mathrm{free}}$,166572727272.7273,172.80640189944114,-1327.0519094871777,1672.66471328606
E Free,$E_{\mathrm{free}}$,170400000000.0,173.09541440300694,-1319.3948438900268,1665.5856726960408
E Free,$E_{\mathrm{free}}$,174227272727.27274,168.0977147929385,-1314.2103838774951,1650.405813463372
E Free,$E_{\mathrm{free}}$,178054545454.54547,157.67543234247103,-1311.5683139400776,1626.9191786250199
E Free,$E_{\mathrm{free}}$,181881818181.81818,142.0807329055866,-1311.8659927187618,1596.0274585299348
E Free,$E_{\mathrm{free}}$,185709090909.0909,122.87435908014822,-1316.2962609391323,1562.0449790994287
E Free,$E_{\mathrm{free}}$,189536363636.36365,101.89117663401534,-1325.8847555826032,1529.6671088506341
E Free,$E_{\mathrm{free}}$,193363636363.63638,80.96605133504733,-1340.8830090086444,1502.815111678739
E Free,$E_{\mathrm{free}}$,197190909090.9091,61.93384895110364,-1360.6962768433327,1484.5639747455398
E Free,$E_{\mathrm{free}}$,201018181818.18182,46.62385680455971,-1384.3119234734536,1477.5596370825729
E Free,$E_{\mathrm{free}}$,204845454545.45456,36.08045750557952,-1410.887517960849,1483.048432972008
E Free,$E_{\mathrm{free}}$,208672727272.7273,29.760617271345296,-1439.8535042420388,1499.3747387847295
E Free,$E_{\mathrm{free}}$,212500000000.0,26.929804745166095,-1470.6709862750758,1524.5305957654082
E Free,$E_{\mathrm{free}}$,216327272727.27274,26.853488570350788,-1502.180051513571,1555.8870286542724
E Free,$E_{\mathrm{free}}$,220154545454.54547,28.797137390208377,-1532.265202037493,1589.85947681791
E Free,$E_{\mathrm{free}}$,223981818181.8182,32.02741843433146,-1557.8909896738835,1621.9458265425462
E Free,$E_{\mathrm{free}}$,227809090909.0909,35.85451145827128,-1576.760010927858,1648.4690338444004
E Free,$E_{\mathrm{free}}$,231636363636.36365,39.643399216664484,-1588.2172364860785,1667.5040349194073
E Free,$E_{\mathrm{free}}$,235463636363.63638,42.76255888479959,-1591.7283643460826,1677.2534821156817
E Free,$E_{\mathrm{free}}$,239290909090.9091,44.580467637965185,-1586.7059849139723,1675.8669201899029
E Free,$E_{\mathrm{free}}$,243118181818.18182,44.46560265144985,-1572.4854608204175,1661.4166661233173
E Free,$E_{\mathrm{free}}$,246945454545.45456,41.818622600765835,-1548.3802115147423,1632.017456716274
E Free,$E_{\mathrm{free}}$,250772727272.7273,36.5448886294335,-1514.3823312161342,1587.472108475001
E Free,$E_{\mathrm{free}}$,254600000000.0,28.950485921758794,-1471.202860973303,1529.1038328168206
E Free,$E_{\mathrm{free}}$,258427272727.27274,19.352537916624183,-1419.7823121370611,1458.4873879703096
E Free,$E_{\mathrm{free}}$,262254545454.54547,8.068168052912087,-1361.2438005073025,1377.3801366131268
E Free,$E_{\mathrm{free}}$,266081818181.8182,-4.585500230494867,-1296.8801255324,1287.70912507141
E Free,$E_{\mathrm{free}}$,269909090909.0909,-18.29499770103709,-1228.1490697458512,1191.559074343777
E Free,$E_{\mathrm{free}}$,273736363636.36365,-32.77714661707778,-1156.6292539462913,1091.0749607121359
E Free,$E_{\mathrm{free}}$,277563636363.63635,-47.7637469920732,-1084.1205854497427,988.5930914655963
E Free,$E_{\mathrm{free}}$,281390909090.9091,-62.98670528882189,-1012.7654966109106,886.7920860332669
E Free,$E_{\mathrm{free}}$,285218181818.1818,-78.1779279701219,-945.147964172295,788.7921082320512
E Free,$E_{\mathrm{free}}$,289045454545.4546,-93.06932149877207,-884.3829160243077,698.2442730267636
E Free,$E_{\mathrm{free}}$,292872727272.7273,-107.42285642156443,-834.0785887536052,619.2328759104763
E Free,$E_{\mathrm{free}}$,296700000000.0,-121.1440196510987,-798.0929873911516,555.8049480889542
E Free,$E_{\mathrm{free}}$,300527272727.2727,-134.18107482886035,-780.3347357287564,511.9725860710357
E Free,$E_{\mathrm{free}}$,304354545454.5455,-146.48229293619957,-783.8467939363321,490.88220806393304
E Free,$E_{\mathrm{free}}$,308181818181.81824,-157.9959449544659,-809.6544962840536,493.66260637512175
E Free,$E_{\mathrm{free}}$,312009090909.09094,-168.67031823814546,-856.3032446650399,518.962608188749
E Free,$E_{\mathrm{free}}$,315836363636.36365,-178.46767256683046,-920.5405192326043,563.6051740989435
E Free,$E_{\mathrm{free}}$,319663636363.63635,-187.38970241865468,-998.6018808420527,623.8224760047433
E Free,$E_{\mathrm{free}}$,323490909090.9091,-195.44500968858677,-1087.0560669133824,696.166047536209
E Free,$E_{\mathrm{free}}$,327318181818.1818,-202.64219627159534,-1183.1401349730004,777.8557424298098
E Free,$E_{\mathrm{free}}$,331145454545.4546,-208.98986406264925,-1284.7716034265513,866.7918753012527
E Free,$E_{\mathrm{free}}$,334972727272.7273,-214.4966801190085,-1390.429139019539,961.435778781522
E Free,$E_{\mathrm{free}}$,338800000000.0,-219.17660163339775,-1499.0411025530175,1060.687899286222
E Free,$E_{\mathrm{free}}$,342627272727.27277,-223.05269652947544,-1609.882100153979,1163.776707095028
E Free,$E_{\mathrm{free}}$,346454545454.5455,-226.1489335344162,-1722.4370866517147,1270.1392195828826
E Free,$E_{\mathrm{free}}$,350281818181.8182,-228.48928137539454,-1836.335449774816,1379.356887024027
E Free,$E_{\mathrm{free}}$,354109090909.09094,-230.09770877958522,-1951.3086096991087,1491.1131921399383
E Free,$E_{\mathrm{free}}$,357936363636.36365,-230.99845162164084,-2067.161635304551,1605.1647320612694
E Free,$E_{\mathrm{free}}$,361763636363.63635,-231.222829880336,-2183.780305137622,1721.3346453769495
E Free,$E_{\mathrm{free}}$,365590909090.9091,-230.8098127180958,-2301.1133011696247,1839.4936757334333
E Free,$E_{\mathrm{free}}$,369418181818.1818,-229.79874966943845,-2419.1292114627104,1959.5317121238334
E Free,$E_{\mathrm{free}}$,373245454545.4546,-228.2289902688819,-2537.808469315933,2081.3504887781696
E Free,$E_{\mathrm{free}}$,377072727272.7273,-226.1398840509443,-2657.1388578032,2204.859089701312
E Free,$E_{\mathrm{free}}$,380900000000.0,-223.57081079981074,-2777.1124379746357,2329.9708163750142
E Free,$E_{\mathrm{free}}$,384727272727.27277,-220.56152820459727,-2897.724436991268,2456.601380582073
E Free,$E_{\mathrm{free}}$,388554545454.5455,-217.1520508379561,-3018.9710952676555,2584.666993591743
E Free,$E_{\mathrm{free}}$,392381818181.8182,-213.38239818157626,-3140.847713584967,2714.0829172218146
E Free,$E_{\mathrm{free}}$,396209090909.09094,-209.2925897171466,-3263.347963553671,2844.7627841193776
E Free,$E_{\mathrm{free}}$,400036363636.36365,-204.92264492635618,-3386.46347767935,2976.618187826638
E Free,$E_{\mathrm{free}}$,403863636363.6364,-200.31196241146787,-3510.183052870049,3109.559128047113
E Free,$E_{\mathrm{free}}$,407690909090.9091,-195.49568354209117,-3634.489606551635,3243.4982394674525
E Free,$E_{\mathrm{free}}$,411518181818.1818,-190.50716398068138,-3759.363472886768,3378.3491449254047
E Free,$E_{\mathrm{free}}$,415345454545.4546,-185.37975328045755,-3884.784195464515,3514.0246889036002
E Free,$E_{\mathrm{free}}$,419172727272.7273,-180.14680099463885,-4010.7304903099043,3650.4368883206266
E Free,$E_{\mathrm{free}}$,423000000000.0,-174.84165667644433,-4137.180263218351,3787.4969498654623
rho Free,$\rho_{\mathrm{free}}$,1771.5,617.9339333698829,-1149.2797865817033,2385.147653321469
rho Free,$\rho_{\mathrm{free}}$,1948.4848484848485,596.3888643848865,-1051.4371906369506,2244.2149194067233
rho Free,$\rho_{\mathrm{free}}$,2125.469696969697,574.5117373295125,-972.4608116454958,2121.4842863045205
rho Free,$\rho_{\mathrm{free}}$,2302.4545454545455,551.8608090197977,-914.5515529328866,2018.273170972482
rho Free,$\rho_{\mathrm{free}}$,2479.439393939394,527.9943362717781,-878.1972351511879,1934.1859076947442
rho Free,$\rho_{\mathrm{free}}$,2656.4242424242425,502.4705759014907,-861.9578452423161,1866.8989970452976
rho Free,$\rho_{\mathrm{free}}$,2833.409090909091,474.84853347212794,-862.6768654399043,1812.37393238416
rho Free,$\rho_{\mathrm{free}}$,3010.3939393939395,444.9060705675447,-876.1864445698211,1765.9985857049105
rho Free,$\rho_{\mathrm{free}}$,3187.378787878788,412.94281461406354,-898.5305540285228,1724.41618325665
rho Free,$\rho_{\mathrm{free}}$,3364.3636363636365,379.33448793419313,-926.5580941076229,1685.2270699760093
rho Free,$\rho_{\mathrm{free}}$,3541.348484848485,344.45681285044134,-957.9060854031295,1646.8197111040122
rho Free,$\rho_{\mathrm{free}}$,3718.3333333333335,308.6855116853169,-990.9271864426007,1608.2982098132345
rho Free,$\rho_{\mathrm{free}}$,3895.318181818182,272.39567023423143,-1024.6322520945419,1569.4235925630046
rho Free,$\rho_{\mathrm{free}}$,4072.3030303030305,235.9290656547693,-1058.6528444329326,1530.5109757424714
rho Free,$\rho_{\mathrm{free}}$,4249.287878787879,199.57847430563035,-1092.9335004337074,1492.0904490449682
rho Free,$\rho_{\mathrm{free}}$,4426.272727272728,163.63275024197105,-1127.2694292149295,1454.5349296988716
rho Free,$\rho_{\mathrm{free}}$,4603.257575757576,128.3807475189479,-1161.0819642696392,1417.8434593075349
rho Free,$\rho_{\mathrm{free}}$,4780.242424242424,94.11132019171737,-1193.4172866070694,1381.6399269905041
rho Free,$\rho_{\mathrm{free}}$,4957.227272727273,61.110914751696804,-1223.2073201814899,1345.4291496848834
rho Free,$\rho_{\mathrm{free}}$,5134.212121212122,29.617562210998223,-1250.4877223696988,1309.722846791695
rho Free,$\rho_{\mathrm{free}}$,5311.19696969697,-0.17554522880707912,-1276.4558375421025,1276.1047470844883
rho Free,$\rho_{\mathrm{free}}$,5488.181818181818,-28.07690627511164,-1302.4025411254627,1246.2487285752393
rho Free,$\rho_{\mathrm{free}}$,5665.166666666667,-53.895019635308216,-1329.392343297837,1221.6023040272205
rho Free,$\rho_{\mathrm{free}}$,5842.151515151516,-77.43838401678899,-1358.0638972762717,1203.1871292426936
rho Free,$\rho_{\mathrm{free}}$,6019.136363636364,-98.53074877393416,-1388.544828694782,1191.4833311469135
rho Free,$\rho_{\mathrm{free}}$,6196.121212121212,-117.15010837536511,-1420.5025215763892,1186.202304825659
rho Free,$\rho_{\mathrm{free}}$,6373.106060606061,-133.36401953833328,-1453.1478762880658,1186.4198372113995
rho Free,$\rho_{\mathrm{free}}$,6550.09090909091,-147.2411421808272,-1485.4234837911545,1190.9411994295
rho Free,$\rho_{\mathrm{free}}$,6727.075757575758,-158.85013622083534,-1516.3853761746827,1198.685103733012
rho Free,$\rho_{\mathrm{free}}$,6904.060606060606,-168.25966157634628,-1545.691224385413,1209.1719012327208
rho Free,$\rho_{\mathrm{free}}$,7081.045454545455,-175.54930595115115,-1573.8318836840524,1222.73327178175
rho Free,$\rho_{\mathrm{free}}$,7258.030303030304,-180.8610441829215,-1600.4408957737855,1238.7188074079427
rho Free,$\rho_{\mathrm{free}}$,7435.015151515152,-184.3589559963433,-1624.0387054226294,1255.320793429943
rho Free,$\rho_{\mathrm{free}}$,7612.0,-186.20714701900235,-1641.823442230425,1269.4091481924202
rho Free,$\rho_{\mathrm{free}}$,7788.984848484849,-186.56972287848464,-1649.445256397084,1276.305810640115
rho Free,$\rho_{\mathrm{free}}$,7965.969696969698,-185.61079676031395,-1641.1711745270543,1269.9495810064266
rho Free,$\rho_{\mathrm{free}}$,8142.954545454546,-183.5385295134288,-1612.0950421359057,1245.0179831090481
rho Free,$\rho_{\mathrm{free}}$,8319.939393939394,-180.7088623509997,-1563.1903765655372,1201.772651863538
rho Free,$\rho_{\mathrm{free}}$,8496.924242424244,-177.50869380077268,-1497.0880985042786,1142.070710902733
rho Free,$\rho_{\mathrm{free}}$,8673.909090909092,-174.3249223904938,-1416.686914639921,1068.0370698589334
rho Free,$\rho_{\mathrm{free}}$,8850.89393939394,-171.54444664790896,-1325.047007863366,981.9581145675481
rho Free,$\rho_{\mathrm{free}}$,9027.878787878788,-169.55303592637443,-1225.3734653756942,886.2673935229454
rho Free,$\rho_{\mathrm{free}}$,9204.863636363636,-168.57758121393422,-1121.0816233391388,783.9264609112704
rho Free,$\rho_{\mathrm{free}}$,9381.848484848486,-168.5236528113404,-1016.1515525913763,679.1042469686955
rho Free,$\rho_{\mathrm{free}}$,9558.833333333334,-169.25805857974575,-915.5982699729095,577.0821528134179
rho Free,$\rho_{\mathrm{free}}$,9735.818181818182,-170.6476063803032,-825.6876769147849,484.3924641541786
rho Free,$\rho_{\mathrm{free}}$,9912.803030303032,-172.55910407416548,-753.8304760085174,408.71226786018644
rho Free,$\rho_{\mathrm{free}}$,10089.78787878788,-174.86001569536697,-707.3483374191169,357.6283060283829
rho Free,$\rho_{\mathrm{free}}$,10266.772727272728,-177.44162645789092,-690.1413811006664,335.2581281848845
rho Free,$\rho_{\mathrm{free}}$,10443.757575757576,-180.225223789432,-700.9232278050029,340.47278022613887
rho Free,$\rho_{\mathrm{free}}$,10620.742424242424,-183.13400815815612,-734.4384084254347,368.1703921091224
rho Free,$\rho_{\mathrm{free}}$,10797.727272727274,-186.09118003222932,-783.7957649271183,411.61340486265965
rho Free,$\rho_{\mathrm{free}}$,10974.712121212122,-189.0199398798175,-842.759595416692,464.71971565705707
rho Free,$\rho_{\mathrm{free}}$,11151.69696969697,-191.84635462710847,-906.6587133482743,522.9660040940574
rho Free,$\rho_{\mathrm{free}}$,11328.68181818182,-194.54144586144668,-972.3761808315896,583.2932891086962
rho Free,$\rho_{\mathrm{free}}$,11505.666666666668,-197.11192830546466,-1037.917759300611,643.6939026896815
rho Free,$\rho_{\mathrm{free}}$,11682.651515151516,-199.56549987689647,-1101.9892351298472,702.8582353760542
rho Free,$\rho_{\mathrm{free}}$,11859.636363636364,-201.90985849347604,-1163.7541980647545,759.9344810778024
rho Free,$\rho_{\mathrm{free}}$,12036.621212121212,-204.1527020729375,-1222.6764556468272,814.3710515009521
rho Free,$\rho_{\mathrm{free}}$,12213.606060606062,-206.30174635972432,-1278.4192495809098,865.8157568614611
rho Free,$\rho_{\mathrm{free}}$,12390.59090909091,-208.36485487253358,-1330.7809583353041,914.0512485902369
rho Free,$\rho_{\mathrm{free}}$,12567.575757575758,-210.34996419766324,-1379.6533141866764,958.95338579135
rho Free,$\rho_{\mathrm{free}}$,12744.560606060608,-212.26501144071494,-1424.9939785730803,1000.4639556916504
rho Free,$\rho_{\mathrm{free}}$,12921.545454545456,-214.1179337072898,-1466.808297059859,1038.5724296452795
rho Free,$\rho_{\mathrm{free}}$,13098.530303030304,-215.91666810298952,-1505.1369033202045,1073.3035671142256
rho Free,$\rho_{\mathrm{free}}$,13275.515151515152,-217.66915172963627,-1540.0471596171622,1104.7088561578896
rho Free,$\rho_{\mathrm{free}}$,13452.5,-219.38332167101225,-1571.6271599140348,1132.8605165720103
rho Free,$\rho_{\mathrm{free}}$,13629.48484848485,-221.06711500552254,-1599.9814755946297,1157.8472455835847
rho Free,$\rho_{\mathrm{free}}$,13806.469696969698,-222.7284688115713,-1625.2281059435552,1179.7711683204127
rho Free,$\rho_{\mathrm{free}}$,13983.454545454546,-224.37532016756265,-1647.4962746789063,1198.745634343781
rho Free,$\rho_{\mathrm{free}}$,14160.439393939396,-226.0156061518931,-1666.9248287834891,1214.893616479703
rho Free,$\rho_{\mathrm{free}}$,14337.424242424244,-227.65726383638236,-1683.661070673586,1228.3465430008214
rho Free,$\rho_{\mathrm{free}}$,14514.409090909092,-229.3082302742888,-1697.8599041728571,1239.2434436242797
rho Free,$\rho_{\mathrm{free}}$,14691.39393939394,-230.97644251561965,-1709.6832078288717,1247.7303227976322
rho Free,$\rho_{\mathrm{free}}$,14868.378787878788,-232.66983761038205,-1719.2993704899434,1253.9596952691793
rho Free,$\rho_{\mathrm{free}}$,15045.363636363638,-234.39635260858304,-1726.8829389972964,1258.0902337801301
rho Free,$\rho_{\mathrm{free}}$,15222.348484848486,-236.1639245601044,-1732.6143373587697,1260.286488238561
rho Free,$\rho_{\mathrm{free}}$,15399.333333333334,-237.9804905046381,-1736.6796227361701,1260.718641726894
rho Free,$\rho_{\mathrm{free}}$,15576.318181818184,-239.8539874643277,-1739.2702473639915,1259.5622724353361
rho Free,$\rho_{\mathrm{free}}$,15753.303030303032,-241.7923524595818,-1740.582797503472,1256.9980925843086
rho Free,$\rho_{\mathrm{free}}$,15930.28787878788,-243.8035225108087,-1740.8186809284946,1253.211635906877
rho Free,$\rho_{\mathrm{free}}$,16107.272727272728,-245.895434638417,-1740.1837350195851,1248.3928657427514
rho Free,$\rho_{\mathrm{free}}$,16284.257575757576,-248.07602586227668,-1738.8877275302837,1242.7356758057301
rho Free,$\rho_{\mathrm{free}}$,16461.242424242424,-250.3532331879803,-1737.1437223972334,1236.4372560212728
rho Free,$\rho_{\mathrm{free}}$,16638.227272727272,-252.73499360570366,-1735.1672844820382,1229.6972972706308
rho Free,$\rho_{\mathrm{free}}$,16815.21212121212,-255.22924410485624,-1733.1754995764504,1222.717011366738
rho Free,$\rho_{\mathrm{free}}$,16992.19696969697,-257.8439216748474,-1731.3857902554055,1215.6979469057105
rho Free,$\rho_{\mathrm{free}}$,17169.18181818182,-260.5869633050864,-1730.0145153005242,1208.8405886903515
rho Free,$\rho_{\mathrm{free}}$,17346.166666666668,-263.46601063666736,-1729.2754935280693,1202.3434722547347
rho Free,$\rho_{\mathrm{free}}$,17523.151515151516,-266.4850155647901,-1729.3797468113708,1196.4097156817907
rho Free,$\rho_{\mathrm{free}}$,17700.136363636364,-269.64542185392025,-1730.5325696469213,1191.2417259390809
rho Free,$\rho_{\mathrm{free}}$,17877.121212121216,-272.9486253382187,-1732.9298526175367,1187.0326019410995
rho Free,$\rho_{\mathrm{free}}$,18054.106060606064,-276.39602185184566,-1736.7555326134095,1183.963488909718
rho Free,$\rho_{\mathrm{free}}$,18231.09090909091,-279.9890072289622,-1742.1790518184364,1182.201037360512
rho Free,$\rho_{\mathrm{free}}$,18408.07575757576,-283.7269916899012,-1749.3525701106428,1181.8985867308402
rho Free,$\rho_{\mathrm{free}}$,18585.060606060608,-287.59577054094166,-1758.4066141819621,1183.2150731000788
rho Free,$\rho_{\mathrm{free}}$,18762.045454545456,-291.57542827774785,-1769.448869373044,1186.2980128175486
rho Free,$\rho_{\mathrm{free}}$,18939.030303030304,-295.64602985823865,-1782.5630013284376,1191.27094161196
rho Free,$\rho_{\mathrm{free}}$,19116.015151515152,-299.7876402403327,-1797.8071293308235,1198.2318488501583
rho Free,$\rho_{\mathrm{free}}$,19293.0,-303.98032438194895,-1815.2129483218998,1207.2522995580018
nu Free,$\nu_{\mathrm{free}}$,0.2,-30.825771493141687,-2308.1777610880613,2246.5262181017783
nu Free,$\nu_{\mathrm{free}}$,0.20181818181818184,-41.57899975148919,-2268.0746751143306,2184.916675611352
nu Free,$\nu_{\mathrm{free}}$,0.20363636363636364,-52.260036146369025,-2229.0889511873943,2124.568878894656
nu Free,$\nu_{\mathrm{free}}$,0.20545454545454547,-62.83553116477236,-2191.208748532234,2065.537686202689
nu Free,$\nu_{\mathrm{free}}$,0.20727272727272728,-73.27213529368976,-2154.4114516343802,2007.867181047001
nu Free,$\nu_{\mathrm{free}}$,0.2090909090909091,-83.5364990201124,-2118.662731978824,1951.589733938599
nu Free,$\nu_{\mathrm{free}}$,0.21090909090909093,-93.59526672180758,-2083.915679355304,1896.7251459116885
nu Free,$\nu_{\mathrm{free}}$,0.21272727272727274,-103.41329707316899,-2050.105108819135,1843.278514672797
nu Free,$\nu_{\mathrm{free}}$,0.21454545454545457,-112.95119152494983,-2017.1387334834585,1791.236350433559
nu Free,$\nu_{\mathrm{free}}$,0.21636363636363637,-122.168930649791,-1984.9051429443625,1740.5672816447805
nu Free,$\nu_{\mathrm{free}}$,0.2181818181818182,-131.02649502033407,-1953.2751064652682,1691.2221164246
nu Free,$\nu_{\mathrm{free}}$,0.22,-139.4838652092199,-1922.1015582422785,1643.1338278238388
nu Free,$\nu_{\mathrm{free}}$,0.22181818181818183,-147.50102178895426,-1891.219859112583,1596.2178155346746
nu Free,$\nu_{\mathrm{free}}$,0.22363636363636363,-155.03794532493706,-1860.4483390510302,1550.3724484011561
nu Free,$\nu_{\mathrm{free}}$,0.22545454545454546,-162.05461637211602,-1829.5891170854275,1505.4798843411954
nu Free,$\nu_{\mathrm{free}}$,0.2272727272727273,-168.51101548460178,-1798.429188118476,1461.4071571492725
nu Free,$\nu_{\mathrm{free}}$,0.2290909090909091,-174.36712321650515,-1766.741760268571,1418.0075138355605
nu Free,$\nu_{\mathrm{free}}$,0.23090909090909092,-179.58292012193695,-1734.287823765757,1375.121983521883
nu Free,$\nu_{\mathrm{free}}$,0.23272727272727273,-184.11838675443025,-1700.817932734194,1332.5811592253335
nu Free,$\nu_{\mathrm{free}}$,0.23454545454545456,-187.93350365590146,-1666.0741857073472,1290.2071783955444
nu Free,$\nu_{\mathrm{free}}$,0.2363636363636364,-190.988251357508,-1629.7924008462396,1247.8158981312235
nu Free,$\nu_{\mathrm{free}}$,0.2381818181818182,-193.2426103900018,-1591.7044979438444,1205.2192771638408
nu Free,$\nu_{\mathrm{free}}$,0.24000000000000002,-194.65656128413468,-1551.541123984165,1162.228001415896
nu Free,$\nu_{\mathrm{free}}$,0.24181818181818182,-195.1900845706586,-1509.0345958544583,1118.654426713141
nu Free,$\nu_{\mathrm{free}}$,0.24363636363636365,-194.80316077884774,-1463.9222873700626,1074.315965812367
nu Free,$\nu_{\mathrm{free}}$,0.24545454545454548,-193.45577042303236,-1415.9506676069118,1029.039126760847
nu Free,$\nu_{\mathrm{free}}$,0.24727272727272728,-191.10789400886526,-1364.880319710672,982.6645316929414
nu Free,$\nu_{\mathrm{free}}$,0.24909090909090909,-187.71951204189273,-1310.492459995265,935.0534359114796
nu Free,$\nu_{\mathrm{free}}$,0.2509090909090909,-183.25060502766053,-1252.5977852683113,886.0965752129904
nu Free,$\nu_{\mathrm{free}}$,0.25272727272727274,-177.66115347171478,-1191.0489873009087,835.7266803574792
nu Free,$\nu_{\mathrm{free}}$,0.2545454545454546,-170.91113787695937,-1125.7591428701896,783.936867116271
nu Free,$\nu_{\mathrm{free}}$,0.25636363636363635,-162.9605387312145,-1056.7297040314897,730.8086265690608
nu Free,$\nu_{\mathrm{free}}$,0.2581818181818182,-153.76933651695478,-984.0945102382416,676.555837204332
nu Free,$\nu_{\mathrm{free}}$,0.26,-143.29751171664955,-908.1910927023429,621.5960692690438
nu Free,$\nu_{\mathrm{free}}$,0.26181818181818184,-131.5050448127678,-829.6791839349432,566.6690943094077
nu Free,$\nu_{\mathrm{free}}$,0.26363636363636367,-118.35191792117914,-749.7408788071918,513.0370429648335
nu Free,$\nu_{\mathrm{free}}$,0.2654545454545455,-103.80763261646224,-670.4483264210169,462.8330611880924
nu Free,$\nu_{\mathrm{free}}$,0.2672727272727273,-87.8736283551691,-595.3410101775505,419.59375346721225
nu Free,$\nu_{\mathrm{free}}$,0.2690909090909091,-70.55803500271675,-529.9246404506304,388.8085704451969
nu Free,$\nu_{\mathrm{free}}$,0.27090909090909093,-51.8689824245234,-481.794834528937,378.0568696798902
nu Free,$\nu_{\mathrm{free}}$,0.2727272727272727,-31.814600486007542,-458.9925360071321,395.3633350351171
nu Free,$\nu_{\mathrm{free}}$,0.27454545454545454,-10.405816146657408,-466.1291537381182,445.3175214448034
nu Free,$\nu_{\mathrm{free}}$,0.27636363636363637,11.952883757225617,-501.4652256149704,525.3709931294217
nu Free,$\nu_{\mathrm{free}}$,0.2781818181818182,34.061064307554496,-557.3840620975144,625.5061907126234
nu Free,$\nu_{\mathrm{free}}$,0.28,54.62227159131113,-624.6471902973855,733.8917334800077
nu Free,$\nu_{\mathrm{free}}$,0.28181818181818186,72.3400516954774,-695.3825345174328,840.0626379083876
nu Free,$\nu_{\mathrm{free}}$,0.28363636363636363,85.91795070703489,-763.5462951486418,935.3821965627117
nu Free,$\nu_{\mathrm{free}}$,0.28545454545454546,94.08358904597151,-824.6967706192557,1012.8639487111988
nu Free,$\nu_{\mathrm{free}}$,0.2872727272727273,96.43856262667921,-877.116885041071,1069.9940102944295
nu Free,$\nu_{\mathrm{free}}$,0.2890909090909091,93.68521886361144,-921.5523153595178,1108.9227530867406
nu Free,$\nu_{\mathrm{free}}$,0.2909090909090909,86.59609273100372,-958.9083625964421,1132.1005480584495
nu Free,$\nu_{\mathrm{free}}$,0.2927272727272727,75.94371920309108,-989.8739323935935,1141.7613707997757
nu Free,$\nu_{\mathrm{free}}$,0.29454545454545455,62.50063325410894,-1014.8286716564331,1139.829938164651
nu Free,$\nu_{\mathrm{free}}$,0.2963636363636364,47.05221604113596,-1033.9460137391748,1128.0504458214468
nu Free,$\nu_{\mathrm{free}}$,0.2981818181818182,30.58531540678178,-1048.3596666967178,1109.5302975102813
nu Free,$\nu_{\mathrm{free}}$,0.30000000000000004,14.246739862420462,-1059.7534310697072,1088.2469107945483
nu Free,$\nu_{\mathrm{free}}$,0.3018181818181818,-0.8122958398582455,-1069.2841706250279,1067.6595789453113
nu Free,$\nu_{\mathrm{free}}$,0.30363636363636365,-13.440576947966068,-1077.5933506949752,1050.712196799043
nu Free,$\nu_{\mathrm{free}}$,0.3054545454545455,-22.486888709813183,-1085.0774877276335,1040.103710308007
nu Free,$\nu_{\mathrm{free}}$,0.30727272727272725,-26.94675641429555,-1092.3569205663691,1038.463407737778
nu Free,$\nu_{\mathrm{free}}$,0.3090909090909091,-27.032104816137664,-1100.2187033396563,1046.1544937073809
nu Free,$\nu_{\mathrm{free}}$,0.3109090909090909,-23.55631250214032,-1109.0379507891073,1061.9253257848266
nu Free,$\nu_{\mathrm{free}}$,0.31272727272727274,-17.33703268933809,-1118.169178148975,1083.495112770299
nu Free,$\nu_{\mathrm{free}}$,0.3145454545454546,-9.191918594765509,-1125.7484394200883,1107.3646022305575
nu Free,$\nu_{\mathrm{free}}$,0.3163636363636364,0.06137656454285256,-1129.0345784601798,1129.1573315892654
nu Free,$\nu_{\mathrm{free}}$,0.3181818181818182,9.631529332506563,-1125.667212068953,1144.930270733966
nu Free,$\nu_{\mathrm{free}}$,0.32,18.852906149516343,-1116.44578265391,1154.1515949529426
nu Free,$\nu_{\mathrm{free}}$,0.32181818181818184,27.09733679747618,-1103.7017966463654,1157.8964702413177
nu Free,$\nu_{\mathrm{free}}$,0.32363636363636367,33.73665748645472,-1090.051820452747,1157.5251354256566
nu Free,$\nu_{\mathrm{free}}$,0.32545454545454544,38.142704426520474,-1077.958807276281,1154.2442161293218
nu Free,$\nu_{\mathrm{free}}$,0.32727272727272727,39.68752528778802,-1069.4253675300572,1148.8004181056333
nu Free,$\nu_{\mathrm{free}}$,0.3290909090909091,37.92362245689722,-1065.7422162239889,1141.5894611377832
nu Free,$\nu_{\mathrm{free}}$,0.33090909090909093,32.91279984063113,-1067.3875383523998,1133.213138033662
nu Free,$\nu_{\mathrm{free}}$,0.33272727272727276,24.806071052565493,-1074.3369369000777,1123.949079005209
nu Free,$\nu_{\mathrm{free}}$,0.3345454545454546,13.75444970627609,-1086.1426337256842,1113.6515331382363
nu Free,$\nu_{\mathrm{free}}$,0.33636363636363636,-0.09105058466080784,-1102.0522773595353,1101.870176190214
nu Free,$\nu_{\mathrm{free}}$,0.3381818181818182,-16.57692128799806,-1121.219532933887,1088.0656903578906
nu Free,$\nu_{\mathrm{free}}$,0.34,-35.34710639399686,-1142.9294689794963,1072.2352561915025
nu Free,$\nu_{\mathrm{free}}$,0.3418181818181818,-55.69672034383463,-1166.7453140362286,1055.3518733485594
nu Free,$\nu_{\mathrm{free}}$,0.34363636363636363,-76.88638782296533,-1192.4538184429086,1038.6810427969779
nu Free,$\nu_{\mathrm{free}}$,0.34545454545454546,-98.17673351684083,-1219.8431745416012,1023.4897075079195
nu Free,$\nu_{\mathrm{free}}$,0.3472727272727273,-118.82838211091368,-1248.5326402918809,1010.8758760700534
nu Free,$\nu_{\mathrm{free}}$,0.3490909090909091,-138.10710451686458,-1277.8755179455059,1001.6613089117766
nu Free,$\nu_{\mathrm{free}}$,0.35090909090909095,-155.41513710242836,-1307.0094059380665,996.1791317332097
nu Free,$\nu_{\mathrm{free}}$,0.3527272727272728,-170.30206716601336,-1334.7989174025383,994.1947830705117
nu Free,$\nu_{\mathrm{free}}$,0.35454545454545455,-182.3248093476688,-1359.7299874614775,995.0803687661398
nu Free,$\nu_{\mathrm{free}}$,0.3563636363636364,-191.040278287445,-1379.987973084685,997.907416509795
nu Free,$\nu_{\mathrm{free}}$,0.35818181818181816,-196.0053886253912,-1393.5894916580298,1001.5787144072475
nu Free,$\nu_{\mathrm{free}}$,0.36,-196.80897986813795,-1398.6461294001779,1005.0281696639021
nu Free,$\nu_{\mathrm{free}}$,0.3618181818181818,-193.4387244911438,-1394.6675530702507,1007.7901040879631
nu Free,$\nu_{\mathrm{free}}$,0.36363636363636365,-186.153404486746,-1382.3688677097803,1010.0620587362882
nu Free,$\nu_{\mathrm{free}}$,0.3654545454545455,-175.21698274223414,-1362.8767854441637,1012.4428199596954
nu Free,$\nu_{\mathrm{free}}$,0.3672727272727273,-160.89342214489773,-1337.6721940649027,1015.8853497751071
nu Free,$\nu_{\mathrm{free}}$,0.36909090909090914,-143.4466855820266,-1308.5575251891037,1021.6641540250504
nu Free,$\nu_{\mathrm{free}}$,0.3709090909090909,-123.15362667543539,-1277.6647455175384,1031.3574921666677
nu Free,$\nu_{\mathrm{free}}$,0.37272727272727274,-100.37948795731572,-1247.608791414664,1046.8498155000327
nu Free,$\nu_{\mathrm{free}}$,0.37454545454545457,-75.52658691498766,-1221.0606394309807,1070.0074656010056
nu Free,$\nu_{\mathrm{free}}$,0.37636363636363634,-48.997367876089626,-1200.3807266417743,1102.3859908895952
nu Free,$\nu_{\mathrm{free}}$,0.3781818181818182,-21.194275168257118,-1187.4015084979933,1145.0129581614792
nu Free,$\nu_{\mathrm{free}}$,0.38,7.4802468808715545,-1183.2619982267574,1198.2224919885007
